{"cameraMode":{"drawMode":0,"name":"Shaded","section":"Shading Mode"},"sceneLighting":true,"audioPlay":false,"sceneViewState":{"m_AlwaysRefresh":false,"showFog":true,"showSkybox":false,"showFlares":true,"showImageEffects":true,"showParticleSystems":true,"showVisualEffectGraphs":true,"m_FxEnabled":true},"in2DMode":false,"pivot":{"x":0.029702186584472657,"y":1.2649998664855958,"z":2.4188079833984377},"rotation":{"x":0.03780781477689743,"y":0.7761996984481812,"z":-0.04694865271449089,"w":0.6277269721031189},"size":12.64669132232666,"orthographic":false}